Bin,Lower,Upper,N,MeanProbability,ObservedFrequency,Fold
1,0.0,0.1,0,,,1
2,0.1,0.2,0,,,1
3,0.2,0.30000000000000004,0,,,1
4,0.30000000000000004,0.4,0,,,1
5,0.4,0.5,430,0.45644327998161316,0.5023255944252014,1
6,0.5,0.6000000000000001,2,0.5051525235176086,0.0,1
7,0.6000000000000001,0.7000000000000001,0,,,1
8,0.7000000000000001,0.8,0,,,1
9,0.8,0.9,0,,,1
10,0.9,1.0,0,,,1
1,0.0,0.1,0,,,2
2,0.1,0.2,0,,,2
3,0.2,0.30000000000000004,0,,,2
4,0.30000000000000004,0.4,0,,,2
5,0.4,0.5,385,0.4607016146183014,0.4753246605396271,2
6,0.5,0.6000000000000001,23,0.5102635025978088,0.9130434989929199,2
7,0.6000000000000001,0.7000000000000001,0,,,2
8,0.7000000000000001,0.8,0,,,2
9,0.8,0.9,0,,,2
10,0.9,1.0,0,,,2
1,0.0,0.1,0,,,3
2,0.1,0.2,0,,,3
3,0.2,0.30000000000000004,0,,,3
4,0.30000000000000004,0.4,0,,,3
5,0.4,0.5,338,0.45269107818603516,0.4467455744743347,3
6,0.5,0.6000000000000001,90,0.5111539959907532,0.699999988079071,3
7,0.6000000000000001,0.7000000000000001,0,,,3
8,0.7000000000000001,0.8,0,,,3
9,0.8,0.9,0,,,3
10,0.9,1.0,0,,,3
1,0.0,0.1,0,,,4
2,0.1,0.2,0,,,4
3,0.2,0.30000000000000004,0,,,4
4,0.30000000000000004,0.4,129,0.3875255584716797,0.24031007289886475,4
5,0.4,0.5,261,0.4411245882511139,0.4636015295982361,4
6,0.5,0.6000000000000001,113,0.5557219982147217,0.4247787594795227,4
7,0.6000000000000001,0.7000000000000001,175,0.635298490524292,0.7942857146263123,4
8,0.7000000000000001,0.8,0,,,4
9,0.8,0.9,0,,,4
10,0.9,1.0,0,,,4
1,0.0,0.1,0,,,5
2,0.1,0.2,0,,,5
3,0.2,0.30000000000000004,0,,,5
4,0.30000000000000004,0.4,0,,,5
5,0.4,0.5,161,0.435586154460907,0.3726707994937897,5
6,0.5,0.6000000000000001,91,0.5562695264816284,0.5714285969734192,5
7,0.6000000000000001,0.7000000000000001,34,0.6141048073768616,0.9117646813392639,5
8,0.7000000000000001,0.8,0,,,5
9,0.8,0.9,0,,,5
10,0.9,1.0,0,,,5
