Fold,Seed,Epoch,TrainLoss,ValAUC,ValAUPR,LR
1,42,1,0.84326036309087,0.8326495988651286,0.8442888119063747,0.0001
1,42,2,0.5749224847139314,0.9275992293609637,0.9188779376597362,0.0001
1,42,3,0.45788438167682916,0.9392642505918776,0.9305047744544492,0.0001
1,42,4,0.40831928197727646,0.946683089073987,0.9414140907202855,0.0001
1,42,5,0.3898591052654178,0.9487510663382185,0.9427733643386363,0.0001
1,42,6,0.38435903815336003,0.95052190666066,0.9441058036321406,0.0001
1,42,7,0.37184781875721246,0.9511018029502822,0.9437504761730311,0.0001
1,42,8,0.35325499052225157,0.952551543674338,0.9437745682531392,0.0001
1,42,9,0.34438403331956197,0.9531314399639601,0.9464687692603879,0.0001
1,42,10,0.3401041204153105,0.9512479751555177,0.9423349316201258,0.0001
1,42,11,0.30206322704636773,0.9507807033518964,0.944799172724602,0.0001
1,42,12,0.3021471850400747,0.9508118548054711,0.9433513270377789,0.0001
1,42,13,0.3071773831927499,0.9501265228268267,0.9433563377413281,5e-05
1,42,14,0.2874339500138926,0.9490266368890721,0.9422438511428766,5e-05
1,42,15,0.281393515855767,0.9509987635269196,0.9449472039210585,5e-05
1,42,16,0.27421968967415566,0.9505027365353832,0.9442699703681674,5e-05
1,42,17,0.2738605574813,0.9500546348570387,0.9439456464976512,2.5e-05
1,42,18,0.26598524943340657,0.9501409004207844,0.943869726284854,2.5e-05
1,42,19,0.26905379634956983,0.9496041369130348,0.9434697528438108,2.5e-05
1,52,1,0.8347135241641555,0.8739348599143096,0.8683688194730461,0.0001
1,52,2,0.5466511069342147,0.9302111589299237,0.9222073320240702,0.0001
1,52,3,0.4468524054039356,0.9385885036758715,0.9297987500614924,0.0001
1,52,4,0.41273342176925304,0.9473252882707588,0.9402206080516999,0.0001
1,52,5,0.3822322598723478,0.9509843859329621,0.9418975408773518,0.0001
1,52,6,0.3707660769307336,0.954638691063846,0.9454524996114698,0.0001
1,52,7,0.3616883539876273,0.9534237843744309,0.9451355230579801,0.0001
1,52,8,0.3486783213393633,0.9517416058813944,0.9415870250064344,0.0001
1,52,9,0.3270289391972298,0.9538143756769449,0.9452042613824105,0.0001
1,52,10,0.3064730486204458,0.9531242511669814,0.9448398901643009,5e-05
1,52,11,0.32421545580376027,0.952367031218549,0.9449987009238863,5e-05
1,52,12,0.30789897677510286,0.951518753175052,0.9439566185215912,5e-05
1,52,13,0.28941922270974446,0.9507040228507894,0.9438925733694439,5e-05
1,52,14,0.2926080812548482,0.9510011597925794,0.9437726856217432,2.5e-05
1,52,15,0.28813432746155315,0.9504787738787873,0.943482018719213,2.5e-05
1,52,16,0.2679584462975347,0.9507471556326621,0.9440690866516643,2.5e-05
1,62,1,0.83302823610084,0.8577241227271422,0.865249364750983,0.0001
1,62,2,0.5593766147314116,0.9304867294807772,0.9221196862518081,0.0001
1,62,3,0.4316757771857949,0.9434625080274899,0.9356290658007291,0.0001
1,62,4,0.41127879397813666,0.9494723423017569,0.9427362567287525,0.0001
1,62,5,0.37387505173683167,0.9520363465575247,0.9455097202853445,0.0001
1,62,6,0.37705793075783306,0.9532201017933652,0.9451803325382513,0.0001
1,62,7,0.3613875757816226,0.952467674376252,0.9446815483626096,0.0001
1,62,8,0.34912659816963726,0.9536442408151138,0.9462883183320563,0.0001
1,62,9,0.3310849333918372,0.9511137842785804,0.9431551080645603,0.0001
1,62,10,0.3341800937818926,0.9523430685619532,0.9435775861434622,0.0001
1,62,11,0.3223177759453308,0.9505842095678096,0.9418024162011402,0.0001
1,62,12,0.31028651463430984,0.9501265228268266,0.9427152217967527,5e-05
1,62,13,0.29041441374046856,0.9488565020272408,0.9430515873543163,5e-05
1,62,14,0.27757525236107583,0.9488301431049853,0.9420108643548863,5e-05
1,62,15,0.2873212338186974,0.9486743858371115,0.942994082045628,5e-05
1,62,16,0.2714841719283614,0.9490577883426468,0.9433437668719143,2.5e-05
1,62,17,0.2770258066959159,0.9475649148367186,0.9421683423759682,2.5e-05
1,62,18,0.26716025520202724,0.9489547489192841,0.9425737112277561,2.5e-05
2,42,1,0.8389181827389917,0.8541752532852802,0.848688526972578,0.0001
2,42,2,0.548720218414484,0.9236046545064173,0.901980340496045,0.0001
2,42,3,0.43868258595466614,0.93260502832386,0.9179031308486949,0.0001
2,42,4,0.4037249296210533,0.9351115222037977,0.9223594417567316,0.0001
2,42,5,0.37519848000171574,0.9380589289651008,0.9257672243392884,0.0001
2,42,6,0.3683499680008999,0.940620536955209,0.9271779170874964,0.0001
2,42,7,0.35435360600781995,0.9411596967286181,0.9260444866483581,0.0001
2,42,8,0.33588057340577593,0.9413777569036413,0.9265570500123448,0.0001
2,42,9,0.3237738366736922,0.9401197174323535,0.9266001447708955,0.0001
2,42,10,0.31732530337433484,0.9392055420832176,0.9268434472479089,5e-05
2,42,11,0.281095847140911,0.9398489394128191,0.9311453226785485,5e-05
2,42,12,0.2901603600313497,0.9396093128468594,0.9296059990989702,5e-05
2,42,13,0.292615519706593,0.9380469476368029,0.9285923129573882,5e-05
2,42,14,0.281002652159957,0.9390989082613654,0.9287058897545588,5e-05
2,42,15,0.27514736250389454,0.9370381197941128,0.9269513932894677,2.5e-05
2,42,16,0.27507789571617924,0.9368703811979412,0.9276924804088917,2.5e-05
2,42,17,0.2666604071855545,0.9377522069606725,0.9293837059350759,2.5e-05
2,42,18,0.2639145126869512,0.9380110036519088,0.929175390454202,2.5e-05
2,42,19,0.26527679174445395,0.9376419787403311,0.9284765712630176,1.25e-05
2,42,20,0.2587691555882609,0.9369326841050907,0.9279163985848113,1.25e-05
2,42,21,0.26198979241903436,0.9373592193924987,0.9292324820364563,1.25e-05
2,52,1,0.8323166897130567,0.8418201075444027,0.8426746648393912,0.0001
2,52,2,0.5504059417303219,0.9206296906900286,0.9089828968784854,0.0001
2,52,3,0.4399910444437071,0.9328039183736065,0.9183287834137114,0.0001
2,52,4,0.40373467151508774,0.9383680472351886,0.9266621310272497,0.0001
2,52,5,0.37951704443887224,0.9399807340240969,0.9291175767457919,0.0001
2,52,6,0.35253801040871197,0.9405103087348674,0.9285280012207459,0.0001
2,52,7,0.3446100915587226,0.9409871656011273,0.9291488001411727,0.0001
2,52,8,0.3265826681325602,0.9415311179058555,0.9273586943319264,0.0001
2,52,9,0.2960543296364851,0.9381380057318676,0.9268416532498174,5e-05
2,52,10,0.28426702459191167,0.9401868128708222,0.9297815766865238,5e-05
2,52,11,0.3021011484223743,0.9386316364577443,0.9283723965584214,5e-05
2,52,12,0.29281327059102613,0.9375389393169684,0.9284365618215968,5e-05
2,52,13,0.28036353061365527,0.9365444890682361,0.9271454156839858,5e-05
2,52,14,0.27942823428054187,0.9363120512992552,0.9289043926826357,2.5e-05
2,52,15,0.2695651626171068,0.9342201113784279,0.9259365229733976,2.5e-05
2,52,16,0.2593457962191382,0.9342464703006834,0.9262959075026899,2.5e-05
2,52,17,0.26750614615373836,0.9331346030346308,0.9240555380758491,2.5e-05
2,52,18,0.2670043284116789,0.9347137421043047,0.9270766075482393,1.25e-05
2,52,19,0.2578621388867844,0.9336929329333166,0.9269595585162036,1.25e-05
2,52,20,0.26685352172962457,0.9343159620048117,0.9272158338432352,1.25e-05
2,62,1,0.8225700716639675,0.8550139462661388,0.853469229386141,0.0001
2,62,2,0.5478457108486531,0.9202450900516636,0.9003190575280006,0.0001
2,62,3,0.4355410254278848,0.934574758696048,0.9213792218487147,0.0001
2,62,4,0.3963592031667399,0.9375245617230109,0.9249088060568892,0.0001
2,62,5,0.3762204851522002,0.9391995514190685,0.924335350368736,0.0001
2,62,6,0.36802696904470755,0.9419576531932637,0.927238965801825,0.0001
2,62,7,0.35700334227362346,0.9425591158738221,0.9303464478236965,0.0001
2,62,8,0.33858765834985777,0.9433762424637445,0.931817706481098,0.0001
2,62,9,0.31440005468767745,0.9414137008885354,0.9306827737470478,0.0001
2,62,10,0.3184008199808209,0.942341055698799,0.931916149581128,0.0001
2,62,11,0.3059594627729682,0.9391875700907706,0.9309532037899196,0.0001
2,62,12,0.29617891096791554,0.9386340327234038,0.9270327815596776,0.0001
2,62,13,0.28409228664498,0.9418378399102839,0.9343758190084063,0.0001
2,62,14,0.2703193339497544,0.9390749456047696,0.9290376227837793,0.0001
2,62,15,0.278063920001651,0.9375820720988413,0.930754764614519,0.0001
2,62,16,0.2690000544453776,0.9383824248291461,0.9321467343168026,0.0001
2,62,17,0.27269769061443416,0.9394751219699221,0.932818629657617,5e-05
2,62,18,0.25623571352903235,0.9382434414208897,0.9321419663940198,5e-05
2,62,19,0.25530698202377144,0.938976698712726,0.9327653828889331,5e-05
2,62,20,0.24968522059362988,0.9383728397665079,0.9322367271368787,5e-05
2,62,21,0.2610019334526949,0.9368847587918987,0.9305871627819788,2.5e-05
2,62,22,0.2419610505187234,0.9377450181636937,0.9311200637701339,2.5e-05
2,62,23,0.25306407691434374,0.9381188356065908,0.9310935325438328,2.5e-05
3,42,1,0.8416060957797739,0.8473578774837294,0.8416035247757538,0.0001
3,42,2,0.5758761832880419,0.9357177774156753,0.9130549343431567,0.0001
3,42,3,0.45341001901515693,0.9449434002051204,0.927673695068297,0.0001
3,42,4,0.41563729422036993,0.948949956387965,0.9337719281324305,0.0001
3,42,5,0.3894112747769023,0.9542073632451189,0.9450423582047086,0.0001
3,42,6,0.3785598842903625,0.9562513778527543,0.9472777856493285,0.0001
3,42,7,0.3674761604431064,0.9577801953435765,0.9508176394207174,0.0001
3,42,8,0.3434674649737602,0.9566515542179067,0.9487013448400604,0.0001
3,42,9,0.3356681282437125,0.9560357139433906,0.9483969705249033,0.0001
3,42,10,0.33147757621698604,0.9562633591810523,0.9484718601406217,0.0001
3,42,11,0.2966240973666657,0.9555157242952582,0.947531941296898,5e-05
3,42,12,0.30269592861796535,0.9560141475524542,0.9488617333374466,5e-05
3,42,13,0.30133451937242994,0.9549142616146997,0.9481503860665743,5e-05
3,42,14,0.2842902631260628,0.9546434835951653,0.9487742013462174,5e-05
3,42,15,0.28764894743298375,0.9541007294232667,0.9473394108578332,2.5e-05
3,42,16,0.2772863184989885,0.9554102886062361,0.9486248180904983,2.5e-05
3,42,17,0.2766413979752119,0.9538551121931581,0.9471135487989167,2.5e-05
3,52,1,0.8326632047808448,0.870266177189468,0.8578603840320803,0.0001
3,52,2,0.5608706793119741,0.9285697169531002,0.9135320413020135,0.0001
3,52,3,0.4444843828678131,0.945947435516491,0.9335883912865197,0.0001
3,52,4,0.41453278896420503,0.9492470933297549,0.9393677735539347,0.0001
3,52,5,0.3923551176869592,0.9535579752513683,0.9446648302961153,0.0001
3,52,6,0.37004200802292936,0.9537065437222632,0.9448744044408928,0.0001
3,52,7,0.3624175488948822,0.9542433072300127,0.9481612242042612,0.0001
3,52,8,0.34652035319527913,0.9552521350727027,0.9475055159364227,0.0001
3,52,9,0.3165499827889509,0.9524892407671884,0.9457330645743887,0.0001
3,52,10,0.29905578771302865,0.9537472802384763,0.9436227997165954,0.0001
3,52,11,0.31572178907172627,0.9532296868560036,0.9473676864619669,5e-05
3,52,12,0.30032002267449404,0.952081875605057,0.9468069428950827,5e-05
3,52,13,0.2811978272227354,0.9514995830497752,0.945795545489132,5e-05
3,52,14,0.282522409807804,0.9522687843265055,0.9437576001942873,5e-05
3,52,15,0.2830543098754661,0.9529277573828944,0.9471813523122372,2.5e-05
3,52,16,0.2648514360189438,0.9522280478102926,0.9467449990107775,2.5e-05
3,52,17,0.2748377915731696,0.9528966059293197,0.9481242463121351,2.5e-05
3,62,1,0.8293207273926846,0.8761777645716915,0.8639952111836138,0.0001
3,62,2,0.5611247600511063,0.9264202666564426,0.9020058671600111,0.0001
3,62,3,0.44552692077880685,0.9495154750836297,0.9372085085353341,0.0001
3,62,4,0.40828734428383584,0.9530044378840015,0.9415315384595795,0.0001
3,62,5,0.3782809771770655,0.9530907034477469,0.9408662336690444,0.0001
3,62,6,0.3788181557211765,0.9549837533188279,0.9439900777619363,0.0001
3,62,7,0.36185412975244746,0.9547057865023147,0.9454417444833039,0.0001
3,62,8,0.33913683198219124,0.956816896548419,0.9464703695337081,0.0001
3,62,9,0.3182581559170124,0.9531482138235773,0.9458238963116384,0.0001
3,62,10,0.3320445383703986,0.9547920520660602,0.946680202663882,0.0001
3,62,11,0.30996481069298676,0.9539006412406905,0.9459410208544976,0.0001
3,62,12,0.30173833460308785,0.9527144897391904,0.9468133915831771,0.0001
3,62,13,0.28929294645786285,0.9519476847281197,0.944942319050385,0.0001
3,62,14,0.27388699387395105,0.9515882448791803,0.946451777375476,0.0001
3,62,15,0.2777719255103621,0.9527672075837017,0.9455438872478655,0.0001
3,62,16,0.26656970728275386,0.9505506618485752,0.9434189432486552,5e-05
3,62,17,0.2732230054084645,0.950931668088451,0.9458901718620676,5e-05
3,62,18,0.25584401398204093,0.9511976535766661,0.9470406939787811,5e-05
3,62,19,0.2538692206144333,0.9518901743522893,0.9476782882987083,5e-05
3,62,20,0.2514692971179652,0.9493381514248196,0.946145898940976,5e-05
3,62,21,0.25791487236355626,0.9508645726499823,0.9477169111367073,5e-05
3,62,22,0.24203476517699485,0.9530044378840015,0.9495141338994614,5e-05
3,62,23,0.24527972659399344,0.9526090540501682,0.9480124665422534,5e-05
3,62,24,0.25047237824561985,0.9519069482119065,0.9473468622667474,5e-05
3,62,25,0.24622414971506873,0.9529565125708096,0.946705020354604,5e-05
3,62,26,0.24700093061424966,0.9518470415704167,0.9474464274336181,2.5e-05
3,62,27,0.23712596020033194,0.9512671452807944,0.9468590113026097,2.5e-05
3,62,28,0.23313349970551425,0.951856626633055,0.946823943663545,2.5e-05
3,62,29,0.22577690766301267,0.9518590228987147,0.9480765447047103,2.5e-05
3,62,30,0.22924914401631022,0.95176796480365,0.9475846942471232,1.25e-05
3,62,31,0.24118190553299215,0.9518278714451399,0.9475484817976757,1.25e-05
3,62,32,0.23540617976077768,0.9523718237498684,0.9487529381395446,1.25e-05
4,42,1,0.8410029910331549,0.8280463725330445,0.82830397797621,0.0001
4,42,2,0.5816550351852594,0.9264801732979325,0.906703122696261,0.0001
4,42,3,0.45458172712215156,0.938823337710512,0.9200728160342093,0.0001
4,42,4,0.4126492066438808,0.9467525807781153,0.9364378477418521,0.0001
4,42,5,0.3844566428384116,0.9481352260637023,0.9391414260955907,0.0001
4,42,6,0.37668655362240105,0.9480106202494033,0.9378228243825797,0.0001
4,42,7,0.3610819709855457,0.9499611804963145,0.9402762238521456,0.0001
4,42,8,0.33831616473752396,0.9491632240316691,0.9402852488274906,0.0001
4,42,9,0.33541231515795683,0.9482885870659165,0.9395418676678537,0.0001
4,42,10,0.3266632820284644,0.9473444583960356,0.9364683406414736,0.0001
4,42,11,0.2948723165101783,0.9441047072242617,0.9365564037905916,5e-05
4,42,12,0.2946481022030808,0.9460504749398538,0.9381831187378995,5e-05
4,42,13,0.2982254108024198,0.9466207861668376,0.939676626925618,5e-05
4,42,14,0.2866028727487076,0.9454010869461031,0.9392931019654741,5e-05
4,42,15,0.2788477900416352,0.9457653193263619,0.9390459088698035,2.5e-05
4,42,16,0.2752060176328171,0.9464386699767083,0.9389638894058907,2.5e-05
4,42,17,0.27650389421817867,0.9462541575209195,0.9398819237372233,2.5e-05
4,42,18,0.2676114997891493,0.9471958899251406,0.9404297121284855,2.5e-05
4,42,19,0.2658512873011966,0.9468412426075205,0.9409810073514934,2.5e-05
4,42,20,0.2612529542557029,0.9458252259678517,0.9411190905434061,2.5e-05
4,42,21,0.26974440521972126,0.9460456824085346,0.9408108255352522,2.5e-05
4,42,22,0.250785096786743,0.9450967612073344,0.9404096842871873,2.5e-05
4,42,23,0.2509766927985258,0.9448715122353325,0.9408104824332058,2.5e-05
4,42,24,0.2589645943669386,0.9432684105090627,0.9394333479286343,1.25e-05
4,42,25,0.2519361986670383,0.946469821430283,0.9414681370533501,1.25e-05
4,42,26,0.2621815734824469,0.9466974666679446,0.9417692268283414,1.25e-05
4,42,27,0.26569575383219607,0.9460648525338113,0.9417444089409628,1.25e-05
4,42,28,0.2509681423043096,0.9459066990002779,0.9416510755605725,1.25e-05
4,42,29,0.25707529034725457,0.9461798732854719,0.941847378778161,1.25e-05
4,42,30,0.24904394149780273,0.9464889915555598,0.9418469040068886,6.25e-06
4,42,31,0.2529880636653235,0.9461702882228337,0.9417062503113295,6.25e-06
4,42,32,0.25249147345853407,0.9463955371948356,0.9419825899710675,6.25e-06
4,42,33,0.2464724314767261,0.9460768338621094,0.9417598983103511,6.25e-06
4,42,34,0.24052838773228402,0.9456766574969567,0.9413390752554183,6.25e-06
4,42,35,0.23541983927405158,0.9459498317821506,0.9417685824239226,6.25e-06
4,42,36,0.24149199800435886,0.9457509417324041,0.9416056839967578,3.125e-06
4,42,37,0.2424018798872482,0.946172684488493,0.9418983716082647,3.125e-06
4,42,38,0.25526688785053964,0.9459354541881931,0.9418039597724742,3.125e-06
4,42,39,0.24344964845235958,0.9461750807541527,0.9421112725769017,3.125e-06
4,42,40,0.23309650462727213,0.9462301948643235,0.9422821618549208,3.125e-06
4,42,41,0.24189155843368795,0.946541709400071,0.9424322549820959,3.125e-06
4,42,42,0.25298726593339166,0.9460576637368324,0.9422049212586304,3.125e-06
4,42,43,0.2403557515421579,0.9464794064929214,0.9426491285477461,3.125e-06
4,42,44,0.24126026692778565,0.9463284417563669,0.9425645645229876,3.125e-06
4,42,45,0.24797974561536035,0.9457677155920213,0.9421841412016786,3.125e-06
4,42,46,0.2453049733195194,0.945983379501385,0.9423014519657178,3.125e-06
4,42,47,0.2467296823512676,0.9461247591753013,0.9424879436791317,1.5625e-06
4,42,48,0.24921995990498122,0.9460025496266619,0.9424147994593206,1.5625e-06
4,42,49,0.2398678005434746,0.9461559106288759,0.9425446614338461,1.5625e-06
4,42,50,0.23998296953911005,0.946381159600878,0.9426878979569413,1.5625e-06
4,42,51,0.24637373484844385,0.9461487218318974,0.9425445419705865,7.8125e-07
4,42,52,0.2485268923432328,0.9459761907044061,0.9424149935182798,7.8125e-07
4,42,53,0.23870781167995098,0.946091211456067,0.942486013691936,7.8125e-07
4,42,54,0.23111671382604643,0.9460552674711731,0.9424705591852441,7.8125e-07
4,42,55,0.24719253632911417,0.9460816263934284,0.9424910632345093,3.90625e-07
4,42,56,0.23848260038120803,0.9461511180975568,0.9425634824639061,3.90625e-07
4,42,57,0.23739955626254858,0.9461475236990674,0.942564293103371,3.90625e-07
4,42,58,0.23662418404290841,0.9462182135360255,0.9426364711083147,3.90625e-07
4,42,59,0.233614063886709,0.9462912996386432,0.9426851129392964,1.953125e-07
4,42,60,0.25182733286258785,0.9462517612552598,0.9426591936310322,1.953125e-07
4,52,1,0.8283105880715126,0.8556849006508258,0.843722845950375,0.0001
4,52,2,0.558336395856946,0.9251238869346011,0.9014242608445786,0.0001
4,52,3,0.45311958775963895,0.9370021758092189,0.9181680060516995,0.0001
4,52,4,0.41486376939817915,0.9442880215472207,0.9303374440332629,0.0001
4,52,5,0.3883611552937086,0.9470712841108416,0.9347421709716276,0.0001
4,52,6,0.3763011181077292,0.946522539274794,0.936283113599099,0.0001
4,52,7,0.3569554125153741,0.9486504231805155,0.9394462631416449,0.0001
4,52,8,0.34544598571089813,0.9464530475706658,0.938614825554566,0.0001
4,52,9,0.3076071150081102,0.9447421138897143,0.938782069769038,0.0001
4,52,10,0.29317501187324524,0.9452956512570809,0.9351792990471577,0.0001
4,52,11,0.3111497808334439,0.9456095620584881,0.9365504882461139,5e-05
4,52,12,0.2934145764556042,0.9436062839670657,0.9348506296305131,5e-05
4,52,13,0.2746907690929812,0.9425183793576091,0.9341610769494207,5e-05
4,52,14,0.27335258244081984,0.9440567819110697,0.9353181699298754,5e-05
4,52,15,0.27694498002529144,0.9418066884567091,0.9344174404183427,2.5e-05
4,52,16,0.25638092187948003,0.9427484208609302,0.9350183051779649,2.5e-05
4,52,17,0.2692755100338958,0.9410710348992131,0.9346582769236398,2.5e-05
4,62,1,0.8168462168338687,0.8614694859530906,0.8504339324657552,0.0001
4,62,2,0.560038719759431,0.9282366360264165,0.910538148001435,0.0001
4,62,3,0.4444448289483093,0.9384638978615724,0.9203686078370157,0.0001
4,62,4,0.4022460746210675,0.9454538047906144,0.9333099143125693,0.0001
4,62,5,0.3780841155107631,0.9458971139376395,0.9334650069945595,0.0001
4,62,6,0.3760318555111109,0.9474714604759943,0.9368536031492659,0.0001
4,62,7,0.3658641909444055,0.9483796451609812,0.9385088731026675,0.0001
4,62,8,0.3433503155098405,0.9482406617527245,0.9383074029878717,0.0001
4,62,9,0.32519423857677815,0.9475098007265478,0.9397881419765495,0.0001
4,62,10,0.3193978906370873,0.9468052986226265,0.9384416784898508,0.0001
4,62,11,0.31162459247334057,0.9463595932099416,0.9384978770348935,0.0001
4,62,12,0.302972280355387,0.9455352778230406,0.9392662608265286,0.0001
4,62,13,0.2899229554242866,0.9469730372187981,0.9402521016714382,0.0001
4,62,14,0.2707380971243215,0.9461463255662376,0.9395379555413731,0.0001
4,62,15,0.28010834614897884,0.9467549770437749,0.9415084967154037,0.0001
4,62,16,0.2654008456440859,0.9466471450890932,0.9390293654219669,0.0001
4,62,17,0.27346640236155934,0.9471647384715659,0.938307029767964,0.0001
4,62,18,0.259657850445703,0.9462062322077276,0.9384739616571292,0.0001
4,62,19,0.252439342612444,0.9466735040113486,0.9387220486425212,5e-05
4,62,20,0.2531681029602539,0.9450272695032061,0.9377861792699956,5e-05
4,62,21,0.2577216680659804,0.9459929645640235,0.9401011774583272,5e-05
4,62,22,0.2431938176931337,0.9448487477115664,0.9378367540466389,5e-05
4,62,23,0.24428616394830305,0.9451303089265689,0.9404143736752789,2.5e-05
4,62,24,0.24009331956852314,0.9457844894516386,0.9413948210655022,2.5e-05
4,62,25,0.24237380679263626,0.9463595932099417,0.9411084185038869,2.5e-05
5,42,1,0.8449827806894169,0.7968469936451035,0.8095719690919998,0.0001
5,42,2,0.5851024645705556,0.9188073306559057,0.9154698041706655,0.0001
5,42,3,0.45582694993462675,0.9339085968426803,0.9285812605230584,0.0001
5,42,4,0.4155918297379516,0.9401041417055661,0.9353134537392537,0.0001
5,42,5,0.38472530800242755,0.9436661906085557,0.9364863218092063,0.0001
5,42,6,0.3712048551370931,0.9469490745622025,0.942140420410916,0.0001
5,42,7,0.36490403843480484,0.9455975807301901,0.9381270356534246,0.0001
5,42,8,0.3409636616706848,0.9468041004897969,0.9401615552038253,0.0001
5,42,9,0.3358427584171295,0.9459282653912143,0.9366603438947805,0.0001
5,42,10,0.3317586852367534,0.9465992197759012,0.9409998759189547,5e-05
5,42,11,0.2972350217575251,0.9483173422538315,0.9440163938848772,5e-05
5,42,12,0.2968076017013816,0.9470257550633093,0.9431942371232943,5e-05
5,42,13,0.2988003232451372,0.9461559106288759,0.9419745633406723,5e-05
5,42,14,0.28623611982478653,0.9458803400780225,0.9403429706184583,5e-05
5,42,15,0.2839636289796164,0.9437764188288971,0.939966755340692,2.5e-05
5,42,16,0.27762032421522365,0.9447540952180122,0.9406104189659946,2.5e-05
5,42,17,0.2741073442752971,0.9445216574490314,0.9404970324993167,2.5e-05
5,42,18,0.2729197182627611,0.944548016371287,0.9405315218742765,2.5e-05
5,42,19,0.27500146246233653,0.9441981615849859,0.9418673082141555,1.25e-05
5,42,20,0.26510298390721165,0.943800381485493,0.9414340611241077,1.25e-05
5,42,21,0.27547671455283496,0.9435008482780436,0.9407166796033286,1.25e-05
5,52,1,0.817666701106138,0.8561737388453834,0.8609534476589169,0.0001
5,52,2,0.5487865618495054,0.9175756501068734,0.9132370956938207,0.0001
5,52,3,0.45366557531578594,0.929858907877963,0.9221320044183869,0.0001
5,52,4,0.41638302317885467,0.9390629642764715,0.9322522734758036,0.0001
5,52,5,0.3951012242672055,0.9434984520123838,0.9385764296726212,0.0001
5,52,6,0.3718619214933972,0.9457725081233406,0.9411717491573285,0.0001
5,52,7,0.3618654061195462,0.9452117819589951,0.9384938591072787,0.0001
5,52,8,0.3428187713373539,0.9481208484697448,0.9438611079709789,0.0001
5,52,9,0.3200436740420585,0.9471910973938213,0.943972138998412,0.0001
5,52,10,0.2980525677287301,0.9474882343356115,0.9441870439404835,0.0001
5,52,11,0.31188896159793056,0.9458443960931284,0.943132187826338,0.0001
5,52,12,0.30099893309349235,0.9454849562441892,0.94219024780166,0.0001
5,52,13,0.28050911981006,0.9456359209807437,0.9445974228685649,0.0001
5,52,14,0.277305697978929,0.9455017301038062,0.944179883966545,0.0001
5,52,15,0.27447617851024453,0.9434577154961707,0.9413790506241208,0.0001
5,52,16,0.2567045026740363,0.9439585350190264,0.9427701635423353,0.0001
5,52,17,0.26549755625946575,0.9430791055219546,0.9399391129504294,5e-05
5,52,18,0.2629606664873833,0.9435439810599162,0.9413993120399229,5e-05
5,52,19,0.2559537090534388,0.9429784623642516,0.9410606926486121,5e-05
5,52,20,0.2569943264473316,0.9417899145970919,0.9390324760042983,5e-05
5,52,21,0.24363966909951942,0.9424872279040344,0.9395744304026641,2.5e-05
5,52,22,0.24008323217547217,0.9415838357503666,0.9391294564502055,2.5e-05
5,52,23,0.24554185292055442,0.939113285855323,0.9365572702580743,2.5e-05
5,62,1,0.826198393522307,0.8419662797496381,0.8437300834217599,0.0001
5,62,2,0.5568432572276093,0.9212155776438,0.9167929716471954,0.0001
5,62,3,0.43187466263771057,0.9354709620527369,0.9304891982637242,0.0001
5,62,4,0.4040555309417636,0.9391492298402169,0.9326120122080035,0.0001
5,62,5,0.3789089703282645,0.9446318856693728,0.9409640943622504,0.0001
5,62,6,0.37131661038066066,0.9452549147408678,0.9422754140122253,0.0001
5,62,7,0.35600065076073933,0.9467214293245406,0.94282315258735,0.0001
5,62,8,0.34388105744539305,0.9484395518024711,0.9449639189250189,0.0001
5,62,9,0.3238652618818505,0.947936336013956,0.9429822886005116,0.0001
5,62,10,0.3282542523256568,0.9460960039873861,0.9416525776956242,0.0001
5,62,11,0.3105220157046651,0.9496604491560352,0.9466163251228723,0.0001
5,62,12,0.2982729524374008,0.9478165227309758,0.9443798234027316,0.0001
5,62,13,0.2899575590394264,0.944933815142482,0.9428064223032987,0.0001
5,62,14,0.2700364932764408,0.946980226015777,0.9451368542677068,0.0001
5,62,15,0.2730940760568131,0.9419324924038379,0.9363028416969922,5e-05
5,62,16,0.257902629153673,0.94144485234211,0.9394670732700641,5e-05
5,62,17,0.271549868375756,0.9452884624601021,0.9426445118589829,5e-05
5,62,18,0.25151068388029585,0.9442436906325183,0.9406230534904942,5e-05
5,62,19,0.2452418204656867,0.9423434519644587,0.9391565928281443,2.5e-05
5,62,20,0.24902181743189347,0.9428251013620373,0.9397866163483151,2.5e-05
5,62,21,0.2576014437647753,0.9418809726921565,0.9392551132746602,2.5e-05
