Metric,Mean,SD,CI95_Lower,CI95_Upper
AUC,0.9466103848315806,0.006092624892541041,0.941269963650498,0.9519508060126631
AUPR,0.9436187170620391,0.004862451271124692,0.9393565906028692,0.947880843521209
ACC,0.88124806163462,0.009488775811535429,0.8729307829213832,0.8895653403478568
F1,0.882897600481925,0.009502006399309728,0.8745687246471792,0.8912264763166708
Precision,0.8708936940708021,0.013649039251627512,0.8589297836698749,0.8828576044717292
Recall,0.8955261138140669,0.017564743767409748,0.8801299370741197,0.9109222905540141
MCC,0.7630659219747843,0.01898347270945006,0.746426174487266,0.7797056694623026
Brier,0.08970155328766782,0.006236437998353156,0.08423507436136991,0.09516803221396573
ECE,0.03424975853373055,0.007291953867295961,0.02785807915559258,0.04064143791186852
CalibrationIntercept,0.28756636418095266,0.12328579198503702,0.1795016028578836,0.3956311255040217
CalibrationSlope,1.014816311408585,0.11312535744243091,0.9156575636342521,1.113975059182918
